{"precision": 0.856166219430729, "recall": 0.3491476648952933, "f1": 0.4960175771037811, "accuracy": 0.9520565898369989, "iou": 0.3298027753200733, "TP": 10959336, "FP": 1841141, "FN": 20429492, "TN": 431289199}